"","month","cpi","diffclick"
"1","2016-11","-1",-0.0700866538377234
"2","2017-01","1",0.210637737406021
"3","2017-02","1",-0.143531823005151
"4","2017-03","0",0.137456946408058
"5","2017-04","1",-0.0435214473300825
"6","2017-05","1",0.0739009520156202
"7","2017-06","1",-0.0203904515900035
"8","2017-07","-1",0.0164786537941524
"9","2017-08","1",0.0225842680163169
"10","2017-09","1",-0.101765323974345
"11","2017-10","-1",0.0612758304321339
"12","2017-11","0",-0.0696653910319611
